{"count":1,"self":14.5514928,"total":14.954956999999999,"children":{"InitializeActuators":{"count":1,"self":0.0018579999999999998,"total":0.0018579999999999998,"children":null},"InitializeSensors":{"count":1,"self":0.000496,"total":0.000496,"children":null},"AgentSendState":{"count":17,"self":0.0019039999999999999,"total":0.051526999999999996,"children":{"GridSensor.Update":{"count":4,"self":0.024922999999999997,"total":0.024922999999999997,"children":null},"CollectObservations":{"count":4,"self":0.001294,"total":0.001294,"children":null},"WriteActionMask":{"count":4,"self":0.00023899999999999998,"total":0.00023899999999999998,"children":null},"RequestDecision":{"count":4,"self":0.012669999999999999,"total":0.023167,"children":{"AgentInfo.ToProto":{"count":4,"self":0.001099,"total":0.010497,"children":{"GenerateSensorData":{"count":4,"self":0.0064389999999999994,"total":0.009398,"children":{"GridSensor.Write":{"count":4,"self":0.002959,"total":0.002959,"children":null}}}}}}}}},"DecideAction":{"count":17,"self":0.346018,"total":0.346018,"children":null},"AgentAct":{"count":17,"self":0.0035459999999999997,"total":0.0035459999999999997,"children":null}},"gauges":{},"metadata":{"timer_format_version":"0.1.0","start_time_seconds":"1750677891","unity_version":"6000.1.8f1","command_line_arguments":"\/home\/adriano\/Unity\/Hub\/Editor\/6000.1.8f1\/Editor\/Unity -projectpath \/home\/adriano\/Desktop\/maze-solver-rl -useHub -hubIPC -cloudEnvironment production","communication_protocol_version":"1.5.0","com.unity.ml-agents_version":"3.0.0","scene_name":"MazeScene","end_time_seconds":"1750677906"}}