{"count":1,"self":12.856944799999999,"total":13.003841999999999,"children":{"InitializeActuators":{"count":1,"self":0.00066,"total":0.00066,"children":null},"InitializeSensors":{"count":1,"self":0.0022099999999999997,"total":0.0022099999999999997,"children":null},"AgentSendState":{"count":617,"self":0.0040149999999999995,"total":0.028405999999999997,"children":{"GridSensor.Update":{"count":124,"self":0.015306,"total":0.015306,"children":null},"CollectObservations":{"count":124,"self":0.001168,"total":0.001168,"children":null},"WriteActionMask":{"count":124,"self":0.00027299999999999997,"total":0.00027299999999999997,"children":null},"RequestDecision":{"count":124,"self":0.007644,"total":0.007644,"children":null}}},"DecideAction":{"count":617,"self":0.09493299999999999,"total":0.096559999999999993,"children":{"GridSensor.Write":{"count":124,"self":0.001627,"total":0.001627,"children":null}}},"AgentAct":{"count":617,"self":0.018512999999999998,"total":0.018595999999999998,"children":{"GridSensor.Update":{"count":1,"self":8.3E-05,"total":8.3E-05,"children":null}}}},"gauges":{"MazeBBT.CumulativeReward":{"count":1,"max":0.626662254,"min":0.626662254,"runningAverage":0.626662254,"value":0.626662254,"weightedAverage":0.626662254}},"metadata":{"timer_format_version":"0.1.0","start_time_seconds":"1750328299","unity_version":"6000.0.47f1","command_line_arguments":"\/home\/minipoloalex\/Unity\/Hub\/Editor\/6000.0.47f1\/Editor\/Unity -projectpath \/home\/minipoloalex\/Documents\/maze-solver-rl -useHub -hubIPC -cloudEnvironment production","communication_protocol_version":"1.5.0","com.unity.ml-agents_version":"3.0.0","scene_name":"MazeScene","end_time_seconds":"1750328312"}}