{"count":1,"self":28.6121056,"total":30.499903,"children":{"InitializeActuators":{"count":1,"self":0.0016489999999999999,"total":0.0016489999999999999,"children":null},"InitializeSensors":{"count":1,"self":0.0075049999999999995,"total":0.0075049999999999995,"children":null},"AgentSendState":{"count":1417,"self":0.015477,"total":1.841829,"children":{"GridSensor.Update":{"count":284,"self":1.576055,"total":1.576055,"children":null},"CollectObservations":{"count":284,"self":0.00080899999999999993,"total":0.00080899999999999993,"children":null},"WriteActionMask":{"count":284,"self":0.000881,"total":0.000881,"children":null},"RequestDecision":{"count":284,"self":0.120761,"total":0.248607,"children":{"GridSensor.Write":{"count":284,"self":0.127846,"total":0.127846,"children":null}}}}},"DecideAction":{"count":1417,"self":0.012086999999999999,"total":0.012086999999999999,"children":null},"AgentAct":{"count":1417,"self":0.024707999999999997,"total":0.024707999999999997,"children":null}},"gauges":{},"metadata":{"timer_format_version":"0.1.0","start_time_seconds":"1750677120","unity_version":"6000.1.8f1","command_line_arguments":"\/home\/adriano\/Unity\/Hub\/Editor\/6000.1.8f1\/Editor\/Unity -projectpath \/home\/adriano\/Desktop\/maze-solver-rl -useHub -hubIPC -cloudEnvironment production","communication_protocol_version":"1.5.0","com.unity.ml-agents_version":"3.0.0","scene_name":"MazeScene","end_time_seconds":"1750677151"}}