{"count":1,"self":1787.3807359999998,"total":4995.882708,"children":{"InitializeActuators":{"count":32,"self":0.00095199999999999994,"total":0.00095199999999999994,"children":null},"InitializeSensors":{"count":32,"self":0.006088,"total":0.006088,"children":null},"AgentSendState":{"count":1147368,"self":13.4004528,"total":1640.0647219999998,"children":{"GridSensor.Update":{"count":7343168,"self":1487.218688,"total":1487.218655,"children":null},"CollectObservations":{"count":7343168,"self":5.7176632,"total":5.717663,"children":null},"WriteActionMask":{"count":7343168,"self":1.809148,"total":1.809148,"children":null},"RequestDecision":{"count":7343168,"self":6.8888976,"total":131.918803,"children":{"AgentInfo.ToProto":{"count":7343168,"self":5.579212,"total":125.029905,"children":{"GenerateSensorData":{"count":7343168,"self":29.980144,"total":119.450693,"children":{"GridSensor.Write":{"count":7343168,"self":89.4705472,"total":89.470548,"children":null}}}}}}}}},"DecideAction":{"count":1147368,"self":1463.9550464,"total":1463.954996,"children":null},"AgentAct":{"count":1147368,"self":101.4493504,"total":104.47469699999999,"children":{"GridSensor.Update":{"count":14182,"self":2.7068719999999997,"total":2.7068719999999997,"children":null},"AgentInfo.ToProto":{"count":14182,"self":0.031751,"total":0.318476,"children":{"GenerateSensorData":{"count":14182,"self":0.111507,"total":0.286725,"children":{"GridSensor.Write":{"count":14182,"self":0.17521799999999998,"total":0.17521799999999998,"children":null}}}}}}}},"gauges":{"MazeBBT.CumulativeReward":{"count":14182,"max":9.99975,"min":-7.333624,"runningAverage":4.791481,"value":9.99195,"weightedAverage":3.20654845}},"metadata":{"timer_format_version":"0.1.0","start_time_seconds":"1750500374","unity_version":"6000.1.8f1","command_line_arguments":"\/home\/minipoloalex\/Unity\/Hub\/Editor\/6000.1.8f1\/Editor\/Unity -projectpath \/home\/minipoloalex\/Documents\/maze-solver-rl -useHub -hubIPC -cloudEnvironment production","communication_protocol_version":"1.5.0","com.unity.ml-agents_version":"3.0.0","scene_name":"MultipleMazesScene","end_time_seconds":"1750505370"}}