{"count":1,"self":530.921728,"total":1222.7736049999999,"children":{"InitializeActuators":{"count":1,"self":0.001028,"total":0.001028,"children":null},"InitializeSensors":{"count":1,"self":0.000674,"total":0.000674,"children":null},"AgentSendState":{"count":2504754,"self":1.7257149999999999,"total":5.154866,"children":{"CollectObservations":{"count":500951,"self":0.518937,"total":0.518937,"children":null},"WriteActionMask":{"count":500951,"self":0.16625099999999998,"total":0.16625099999999998,"children":null},"RequestDecision":{"count":500951,"self":0.71061599999999991,"total":2.743963,"children":{"AgentInfo.ToProto":{"count":500951,"self":0.66936699999999993,"total":2.033347,"children":{"GenerateSensorData":{"count":500951,"self":1.36398,"total":1.36398,"children":null}}}}}}},"DecideAction":{"count":2504754,"self":681.8248704,"total":681.824888,"children":null},"AgentAct":{"count":2504754,"self":4.862188,"total":4.870157,"children":{"AgentInfo.ToProto":{"count":2137,"self":0.0028629999999999997,"total":0.007969,"children":{"GenerateSensorData":{"count":2137,"self":0.0051059999999999994,"total":0.0051059999999999994,"children":null}}}}}},"gauges":{"PlatformCenter.CumulativeReward":{"count":2137,"max":100.099045,"min":0.500000238,"runningAverage":22.6056252,"value":100.099045,"weightedAverage":99.92859}},"metadata":{"timer_format_version":"0.1.0","start_time_seconds":"1745435369","unity_version":"6000.0.47f1","command_line_arguments":"\/home\/minipoloalex\/Unity\/Hub\/Editor\/6000.0.47f1\/Editor\/Unity -projectpath \/home\/minipoloalex\/First Environment - TRI -useHub -hubIPC -cloudEnvironment production","communication_protocol_version":"1.5.0","com.unity.ml-agents_version":"3.0.0","scene_name":"SampleScene","end_time_seconds":"1745436592"}}